Workbook
Name fase: Lookup!#REF!
Name volwassenheid_stelsel: Lookup!#REF!

Sheet Werkzaamheden
C1: Vul de geel gemarkeerde velden in, verwijder daarna deze tekst. Vul de uurtarief in in het tabblad Lookup
F3: Totaal aantal uren | J3: Totaal excl BTW | K3: Totaal incl BTW
C4: NAAM (OFFERTE) opdracht beheer afsprakenstelsel | H4: =SUM(H11:H98) -> 0 | J4: =SUM(J10,J33,J59,J74,J88,J100)*M5 -> 0 | K4: =J4*1.21 -> 0
C5: Is het een nieuw, beginnend, volwassen of een stelsel in uitfasering? | H5: Nieuw | M5: =VLOOKUP(Werkzaamheden!H5,Lookup!B9:C12,2,FALSE) -> 1.3
N8: Toelichting
J9: Bedrag | N9: WpJ | O9: Weken per jaar
B10: 1 | C10: Strategie | E10: WpJ | F10: UpW | G10: Tar | H10: Uren | J10: =SUM(K11:K31) -> 0 | N10: UpW | O10: Uren per week
B11: 1.1 | C11: Governance | N11: Bijvoorbeeld
C12: Secretariaatsvoering en faciliteren van overleggremia | H12: =E12*F12 -> 0 | K12: =IF(H12=0, 0, _xlfn.IFNA(H12*LOOKUP(G12,Lookup!$B$3:$B$6,Lookup!$C$3:$C$6), 0)) -> 0 | N12: 52 WpJ/ 16 UpW | O12: structureel werk wat twee werkdagen per week kost
C13: Communicatieondersteuning voor governance | H13: =E13*F13 -> 0 | K13: =IF(H13=0, 0, _xlfn.IFNA(H13*LOOKUP(G13,Lookup!$B$3:$B$6,Lookup!$C$3:$C$6), 0)) -> 0 | N13: 4 WpJ/ 8 UpW | O13: ieder kwartaal een dag voor dit onderwerp
C14: Planning en coördinatie | H14: =E14*F14 -> 0 | K14: =IF(H14=0, 0, _xlfn.IFNA(H14*LOOKUP(G14,Lookup!$B$3:$B$6,Lookup!$C$3:$C$6), 0)) -> 0
C15: Informatievoorziening en rapportage | H15: =E15*F15 -> 0 | K15: =IF(H15=0, 0, _xlfn.IFNA(H15*LOOKUP(G15,Lookup!$B$3:$B$6,Lookup!$C$3:$C$6), 0)) -> 0 | N15: Tar | O15: tarief
B16: 1.2 | C16: Visie | H16: =E16*F16 -> 0 | K16: =IF(H16=0, 0, _xlfn.IFNA(H16*LOOKUP(G16,Lookup!$B$3:$B$6,Lookup!$C$3:$C$6), 0)) -> 0 | N16: H | O16: Hoog
C17: Ondersteuning van visie- en strategievorming | H17: =E17*F17 -> 0 | K17: =IF(H17=0, 0, _xlfn.IFNA(H17*LOOKUP(G17,Lookup!$B$3:$B$6,Lookup!$C$3:$C$6), 0)) -> 0 | N17: M | O17: midden
C18: Ontwikkelen en onderhouden van visiedocumenten | H18: =E18*F18 -> 0 | K18: =IF(H18=0, 0, _xlfn.IFNA(H18*LOOKUP(G18,Lookup!$B$3:$B$6,Lookup!$C$3:$C$6), 0)) -> 0 | N18: L | O18: laag
C19: Signaleren en analyseren van relevante ontwikkelingen | H19: =E19*F19 -> 0 | K19: =IF(H19=0, 0, _xlfn.IFNA(H19*LOOKUP(G19,Lookup!$B$3:$B$6,Lookup!$C$3:$C$6), 0)) -> 0 | N19: Bijvoorbeeld
B20: 1.3 | C20: Financiën | H20: =E20*F20 -> 0 | K20: =IF(H20=0, 0, _xlfn.IFNA(H20*LOOKUP(G20,Lookup!$B$3:$B$6,Lookup!$C$3:$C$6), 0)) -> 0 | N20: Tar H
C21: Ontwikkelen en onderhouden van financiële modellen | H21: =E21*F21 -> 0 | K21: =IF(H21=0, 0, _xlfn.IFNA(H21*LOOKUP(G21,Lookup!$B$3:$B$6,Lookup!$C$3:$C$6), 0)) -> 0 | N21: H is tarief van een senior adviseur (zie waarde in tabblad Lookup)
C22: Financiële rapportage en verantwoording | H22: =E22*F22 -> 0 | K22: =IF(H22=0, 0, _xlfn.IFNA(H22*LOOKUP(G22,Lookup!$B$3:$B$6,Lookup!$C$3:$C$6), 0)) -> 0
C23: Opstellen jaarplan /begroting | H23: =E23*F23 -> 0 | K23: =IF(H23=0, 0, _xlfn.IFNA(H23*LOOKUP(G23,Lookup!$B$3:$B$6,Lookup!$C$3:$C$6), 0)) -> 0
B24: 1.4 | C24: Toezicht | H24: =E24*F24 -> 0 | K24: =IF(H24=0, 0, _xlfn.IFNA(H24*LOOKUP(G24,Lookup!$B$3:$B$6,Lookup!$C$3:$C$6), 0)) -> 0
C25: Bewaken van stelselneutraliteit en -integriteit | H25: =E25*F25 -> 0 | K25: =IF(H25=0, 0, _xlfn.IFNA(H25*LOOKUP(G25,Lookup!$B$3:$B$6,Lookup!$C$3:$C$6), 0)) -> 0
C26: Onderhouden contact toezichthouder | H26: =E26*F26 -> 0 | K26: =IF(H26=0, 0, _xlfn.IFNA(H26*LOOKUP(G26,Lookup!$B$3:$B$6,Lookup!$C$3:$C$6), 0)) -> 0
C27: Faciliteren van toetredingsprocessen | H27: =E27*F27 -> 0 | K27: =IF(H27=0, 0, _xlfn.IFNA(H27*LOOKUP(G27,Lookup!$B$3:$B$6,Lookup!$C$3:$C$6), 0)) -> 0
B28: 1.5 | C28: Businesscase | H28: =E28*F28 -> 0 | K28: =IF(H28=0, 0, _xlfn.IFNA(H28*LOOKUP(G28,Lookup!$B$3:$B$6,Lookup!$C$3:$C$6), 0)) -> 0
C29: Periodieke herijking van de businesscase | H29: =E29*F29 -> 0 | K29: =IF(H29=0, 0, _xlfn.IFNA(H29*LOOKUP(G29,Lookup!$B$3:$B$6,Lookup!$C$3:$C$6), 0)) -> 0
C30: Initiële ontwikkeling en onderbouwing van de businesscase | H30: =E30*F30 -> 0 | K30: =IF(H30=0, 0, _xlfn.IFNA(H30*LOOKUP(G30,Lookup!$B$3:$B$6,Lookup!$C$3:$C$6), 0)) -> 0
C31: Communiceren over de waarde van het stelsel | H31: =E31*F31 -> 0 | K31: =IF(H31=0, 0, _xlfn.IFNA(H31*LOOKUP(G31,Lookup!$B$3:$B$6,Lookup!$C$3:$C$6), 0)) -> 0
B33: 2 | C33: Tactiek | E33: WpJ | F33: UpW | G33: Tar | H33: Uren | J33: =SUM(K34:K57) -> 0
B34: 2.1 | C34: Werkgroepen | H34: =E34*F34 -> 0 | K34: =IF(H34=0, 0, _xlfn.IFNA(H34*LOOKUP(G34,Lookup!$B$3:$B$6,Lookup!$C$3:$C$6), 0)) -> 0
C35: Voorzitten, voorbereiden en ondersteuning werkgroepen | H35: =E35*F35 -> 0 | K35: =IF(H35=0, 0, _xlfn.IFNA(H35*LOOKUP(G35,Lookup!$B$3:$B$6,Lookup!$C$3:$C$6), 0)) -> 0
C36: Inrichten en onderhouden (werkgroep)kennis deel platform | H36: =E36*F36 -> 0 | K36: =IF(H36=0, 0, _xlfn.IFNA(H36*LOOKUP(G36,Lookup!$B$3:$B$6,Lookup!$C$3:$C$6), 0)) -> 0
C37: Stimuleren van actieve participatie | H37: =E37*F37 -> 0 | K37: =IF(H37=0, 0, _xlfn.IFNA(H37*LOOKUP(G37,Lookup!$B$3:$B$6,Lookup!$C$3:$C$6), 0)) -> 0
C38: Organiseren van rapportage over resultaten | H38: =E38*F38 -> 0 | K38: =IF(H38=0, 0, _xlfn.IFNA(H38*LOOKUP(G38,Lookup!$B$3:$B$6,Lookup!$C$3:$C$6), 0)) -> 0
C39: Werven en behouden van relevante stakeholders | H39: =E39*F39 -> 0 | K39: =IF(H39=0, 0, _xlfn.IFNA(H39*LOOKUP(G39,Lookup!$B$3:$B$6,Lookup!$C$3:$C$6), 0)) -> 0
B40: 2.2 | C40: Architectuur | H40: =E40*F40 -> 0 | K40: =IF(H40=0, 0, _xlfn.IFNA(H40*LOOKUP(G40,Lookup!$B$3:$B$6,Lookup!$C$3:$C$6), 0)) -> 0
C41: In kaart brengen en beheren van relaties met andere stelsels/standaarden | H41: =E41*F41 -> 0 | K41: =IF(H41=0, 0, _xlfn.IFNA(H41*LOOKUP(G41,Lookup!$B$3:$B$6,Lookup!$C$3:$C$6), 0)) -> 0
C42: Maken / bijhouden en uitleg geven architectuur | H42: =E42*F42 -> 0 | K42: =IF(H42=0, 0, _xlfn.IFNA(H42*LOOKUP(G42,Lookup!$B$3:$B$6,Lookup!$C$3:$C$6), 0)) -> 0
C43: Organiseren van afstemming met overige stelsels en standaarden | H43: =E43*F43 -> 0 | K43: =IF(H43=0, 0, _xlfn.IFNA(H43*LOOKUP(G43,Lookup!$B$3:$B$6,Lookup!$C$3:$C$6), 0)) -> 0
C44: Monitoren van relevante internationale ontwikkelingen | H44: =E44*F44 -> 0 | K44: =IF(H44=0, 0, _xlfn.IFNA(H44*LOOKUP(G44,Lookup!$B$3:$B$6,Lookup!$C$3:$C$6), 0)) -> 0
C45: Deelnemen aan internationale gremia / volgen internationale ontwikkelingen | H45: =E45*F45 -> 0 | K45: =IF(H45=0, 0, _xlfn.IFNA(H45*LOOKUP(G45,Lookup!$B$3:$B$6,Lookup!$C$3:$C$6), 0)) -> 0
B46: 2.3 | C46: Adoptie & erkenning | H46: =E46*F46 -> 0 | K46: =IF(H46=0, 0, _xlfn.IFNA(H46*LOOKUP(G46,Lookup!$B$3:$B$6,Lookup!$C$3:$C$6), 0)) -> 0
C47: Opstellen en uitvoeren van jaarlijks communicatie- en stimuleringsplan | H47: =E47*F47 -> 0 | K47: =IF(H47=0, 0, _xlfn.IFNA(H47*LOOKUP(G47,Lookup!$B$3:$B$6,Lookup!$C$3:$C$6), 0)) -> 0
C48: Ontwikkelen van referentie-implementaties | H48: =E48*F48 -> 0 | K48: =IF(H48=0, 0, _xlfn.IFNA(H48*LOOKUP(G48,Lookup!$B$3:$B$6,Lookup!$C$3:$C$6), 0)) -> 0
C49: Uitdragen nut en voordeel van het afsprakenstelsel | H49: =E49*F49 -> 0 | K49: =IF(H49=0, 0, _xlfn.IFNA(H49*LOOKUP(G49,Lookup!$B$3:$B$6,Lookup!$C$3:$C$6), 0)) -> 0
C50: Organiseren van promotieactiviteiten gericht op verschillende doelgroepen | H50: =E50*F50 -> 0 | K50: =IF(H50=0, 0, _xlfn.IFNA(H50*LOOKUP(G50,Lookup!$B$3:$B$6,Lookup!$C$3:$C$6), 0)) -> 0
B51: 2.4 | C51: Risicoanalyse | H51: =E51*F51 -> 0 | K51: =IF(H51=0, 0, _xlfn.IFNA(H51*LOOKUP(G51,Lookup!$B$3:$B$6,Lookup!$C$3:$C$6), 0)) -> 0
C52: Organiseren /uitvoeren van periodieke (stelsel-) risicoanalyses | H52: =E52*F52 -> 0 | K52: =IF(H52=0, 0, _xlfn.IFNA(H52*LOOKUP(G52,Lookup!$B$3:$B$6,Lookup!$C$3:$C$6), 0)) -> 0
C53: Implementeren van een plan-do-check-act-cyclus voor risicobeheer | H53: =E53*F53 -> 0 | K53: =IF(H53=0, 0, _xlfn.IFNA(H53*LOOKUP(G53,Lookup!$B$3:$B$6,Lookup!$C$3:$C$6), 0)) -> 0
C54: Ontwikkelen van kaders met normen rond informatiebeveiliging | H54: =E54*F54 -> 0 | K54: =IF(H54=0, 0, _xlfn.IFNA(H54*LOOKUP(G54,Lookup!$B$3:$B$6,Lookup!$C$3:$C$6), 0)) -> 0
B55: 2.5 | C55: Roadmapping | H55: =E55*F55 -> 0 | K55: =IF(H55=0, 0, _xlfn.IFNA(H55*LOOKUP(G55,Lookup!$B$3:$B$6,Lookup!$C$3:$C$6), 0)) -> 0
C56: Ontwikkelen en beheren van de roadmap | H56: =E56*F56 -> 0 | K56: =IF(H56=0, 0, _xlfn.IFNA(H56*LOOKUP(G56,Lookup!$B$3:$B$6,Lookup!$C$3:$C$6), 0)) -> 0
C57: Maken van opdrachten en bijdragen aan doelstellingen (deelprojecten) | H57: =E57*F57 -> 0 | K57: =IF(H57=0, 0, _xlfn.IFNA(H57*LOOKUP(G57,Lookup!$B$3:$B$6,Lookup!$C$3:$C$6), 0)) -> 0
B59: 3 | C59: Operationeel | E59: WpJ | F59: UpW | G59: Tar | H59: Uren | J59: =SUM(K60:K72) -> 0
B60: 3.1 | C60: Wensen & eisen | H60: =E60*F60 -> 0 | K60: =IF(H60=0, 0, _xlfn.IFNA(H60*LOOKUP(G60,Lookup!$B$3:$B$6,Lookup!$C$3:$C$6), 0)) -> 0
C61: Beheren administreren van wijzigingsverzoeken | H61: =E61*F61 -> 0 | K61: =IF(H61=0, 0, _xlfn.IFNA(H61*LOOKUP(G61,Lookup!$B$3:$B$6,Lookup!$C$3:$C$6), 0)) -> 0
C62: Faciliteren changemanagementproces | H62: =E62*F62 -> 0 | K62: =IF(H62=0, 0, _xlfn.IFNA(H62*LOOKUP(G62,Lookup!$B$3:$B$6,Lookup!$C$3:$C$6), 0)) -> 0
B63: 3.2 | C63: Ontwikkeling | H63: =E63*F63 -> 0 | K63: =IF(H63=0, 0, _xlfn.IFNA(H63*LOOKUP(G63,Lookup!$B$3:$B$6,Lookup!$C$3:$C$6), 0)) -> 0
C64: Coördineren van conceptuele toetsing | H64: =E64*F64 -> 0 | K64: =IF(H64=0, 0, _xlfn.IFNA(H64*LOOKUP(G64,Lookup!$B$3:$B$6,Lookup!$C$3:$C$6), 0)) -> 0
C65: Organiseren van ontwikkelactiviteiten | H65: =E65*F65 -> 0 | K65: =IF(H65=0, 0, _xlfn.IFNA(H65*LOOKUP(G65,Lookup!$B$3:$B$6,Lookup!$C$3:$C$6), 0)) -> 0
B66: 3.3 | C66: Uitvoering | H66: =E66*F66 -> 0 | K66: =IF(H66=0, 0, _xlfn.IFNA(H66*LOOKUP(G66,Lookup!$B$3:$B$6,Lookup!$C$3:$C$6), 0)) -> 0
C67: Coördineren van implementatie wijzigingen | H67: =E67*F67 -> 0 | K67: =IF(H67=0, 0, _xlfn.IFNA(H67*LOOKUP(G67,Lookup!$B$3:$B$6,Lookup!$C$3:$C$6), 0)) -> 0
C68: Versiebeheer en -uitrol | H68: =E68*F68 -> 0 | K68: =IF(H68=0, 0, _xlfn.IFNA(H68*LOOKUP(G68,Lookup!$B$3:$B$6,Lookup!$C$3:$C$6), 0)) -> 0
B69: 3.4 | C69: Documentatie | H69: =E69*F69 -> 0 | K69: =IF(H69=0, 0, _xlfn.IFNA(H69*LOOKUP(G69,Lookup!$B$3:$B$6,Lookup!$C$3:$C$6), 0)) -> 0
C70: Beheren van specificaties en documenten | H70: =E70*F70 -> 0 | K70: =IF(H70=0, 0, _xlfn.IFNA(H70*LOOKUP(G70,Lookup!$B$3:$B$6,Lookup!$C$3:$C$6), 0)) -> 0
C71: Actualiseren van documentatie | H71: =E71*F71 -> 0 | K71: =IF(H71=0, 0, _xlfn.IFNA(H71*LOOKUP(G71,Lookup!$B$3:$B$6,Lookup!$C$3:$C$6), 0)) -> 0
C72: Publiceren van documentatie | H72: =E72*F72 -> 0 | K72: =IF(H72=0, 0, _xlfn.IFNA(H72*LOOKUP(G72,Lookup!$B$3:$B$6,Lookup!$C$3:$C$6), 0)) -> 0
B74: 4 | C74: Implementatieondersteuning | E74: WpJ | F74: UpW | G74: Tar | H74: Uren | J74: =SUM(K75:K86) -> 0
B75: 4.1 | C75: Helpdesk | H75: =E75*F75 -> 0 | K75: =IF(H75=0, 0, _xlfn.IFNA(H75*LOOKUP(G75,Lookup!$B$3:$B$6,Lookup!$C$3:$C$6), 0)) -> 0
C76: Beantwoorden van vragen | H76: =E76*F76 -> 0 | K76: =IF(H76=0, 0, _xlfn.IFNA(H76*LOOKUP(G76,Lookup!$B$3:$B$6,Lookup!$C$3:$C$6), 0)) -> 0
C77: Afhandelen van incidenten / calamiteiten | H77: =E77*F77 -> 0 | K77: =IF(H77=0, 0, _xlfn.IFNA(H77*LOOKUP(G77,Lookup!$B$3:$B$6,Lookup!$C$3:$C$6), 0)) -> 0
B78: 4.2 | C78: Moduleontwikkeling | H78: =E78*F78 -> 0 | K78: =IF(H78=0, 0, _xlfn.IFNA(H78*LOOKUP(G78,Lookup!$B$3:$B$6,Lookup!$C$3:$C$6), 0)) -> 0
C79: Ontwikkelen van een technisch adoptiebeleid | H79: =E79*F79 -> 0 | K79: =IF(H79=0, 0, _xlfn.IFNA(H79*LOOKUP(G79,Lookup!$B$3:$B$6,Lookup!$C$3:$C$6), 0)) -> 0
C80: Behoefteanalyse en prioritering | H80: =E80*F80 -> 0 | K80: =IF(H80=0, 0, _xlfn.IFNA(H80*LOOKUP(G80,Lookup!$B$3:$B$6,Lookup!$C$3:$C$6), 0)) -> 0
C81: Implementatieondersteuning | H81: =E81*F81 -> 0 | K81: =IF(H81=0, 0, _xlfn.IFNA(H81*LOOKUP(G81,Lookup!$B$3:$B$6,Lookup!$C$3:$C$6), 0)) -> 0
B82: 4.3 | C82: Pilot /vernieuwing | H82: =E82*F82 -> 0 | K82: =IF(H82=0, 0, _xlfn.IFNA(H82*LOOKUP(G82,Lookup!$B$3:$B$6,Lookup!$C$3:$C$6), 0)) -> 0
C83: Begeleiden van ontwikkeling pilots | H83: =E83*F83 -> 0 | K83: =IF(H83=0, 0, _xlfn.IFNA(H83*LOOKUP(G83,Lookup!$B$3:$B$6,Lookup!$C$3:$C$6), 0)) -> 0
B84: 4.4 | C84: Validatie & Cerificatie | H84: =E84*F84 -> 0 | K84: =IF(H84=0, 0, _xlfn.IFNA(H84*LOOKUP(G84,Lookup!$B$3:$B$6,Lookup!$C$3:$C$6), 0)) -> 0
C85: Ondersteunen van validatieproces | H85: =E85*F85 -> 0 | K85: =IF(H85=0, 0, _xlfn.IFNA(H85*LOOKUP(G85,Lookup!$B$3:$B$6,Lookup!$C$3:$C$6), 0)) -> 0
C86: Beheren van testomgeving | H86: =E86*F86 -> 0 | K86: =IF(H86=0, 0, _xlfn.IFNA(H86*LOOKUP(G86,Lookup!$B$3:$B$6,Lookup!$C$3:$C$6), 0)) -> 0
B88: 5 | C88: Communicatie | E88: WpJ | F88: UpW | G88: Tar | H88: Uren | J88: =SUM(K89:K98) -> 0
B89: 5.1 | C89: Promotie | H89: =E89*F89 -> 0 | K89: =IF(H89=0, 0, _xlfn.IFNA(H89*LOOKUP(G89,Lookup!$B$3:$B$6,Lookup!$C$3:$C$6), 0)) -> 0
C90: Ontwikkelen en uitvoeren van een (jaarlijks) communicatieplan | H90: =E90*F90 -> 0 | K90: =IF(H90=0, 0, _xlfn.IFNA(H90*LOOKUP(G90,Lookup!$B$3:$B$6,Lookup!$C$3:$C$6), 0)) -> 0
C91: Merkbeheer en branding | H91: =E91*F91 -> 0 | K91: =IF(H91=0, 0, _xlfn.IFNA(H91*LOOKUP(G91,Lookup!$B$3:$B$6,Lookup!$C$3:$C$6), 0)) -> 0
C92: Formuleren van kernboodschappen voor verschillende stakeholders | H92: =E92*F92 -> 0 | K92: =IF(H92=0, 0, _xlfn.IFNA(H92*LOOKUP(G92,Lookup!$B$3:$B$6,Lookup!$C$3:$C$6), 0)) -> 0
B93: 5.2 | C93: Publicatie | H93: =E93*F93 -> 0 | K93: =IF(H93=0, 0, _xlfn.IFNA(H93*LOOKUP(G93,Lookup!$B$3:$B$6,Lookup!$C$3:$C$6), 0)) -> 0
C94: Inrichten en onderhouden van communicatiekanale | H94: =E94*F94 -> 0 | K94: =IF(H94=0, 0, _xlfn.IFNA(H94*LOOKUP(G94,Lookup!$B$3:$B$6,Lookup!$C$3:$C$6), 0)) -> 0
C95: Beschikbaar stellen van documentatie | H95: =E95*F95 -> 0 | K95: =IF(H95=0, 0, _xlfn.IFNA(H95*LOOKUP(G95,Lookup!$B$3:$B$6,Lookup!$C$3:$C$6), 0)) -> 0
B96: 5.3 | C96: Klachtenafhandeling | H96: =E96*F96 -> 0 | K96: =IF(H96=0, 0, _xlfn.IFNA(H96*LOOKUP(G96,Lookup!$B$3:$B$6,Lookup!$C$3:$C$6), 0)) -> 0
C97: Inrichten van klachtenprocedures | H97: =E97*F97 -> 0 | K97: =IF(H97=0, 0, _xlfn.IFNA(H97*LOOKUP(G97,Lookup!$B$3:$B$6,Lookup!$C$3:$C$6), 0)) -> 0
C98: Organiseren van feedback | H98: =E98*F98 -> 0 | K98: =IF(H98=0, 0, _xlfn.IFNA(H98*LOOKUP(G98,Lookup!$B$3:$B$6,Lookup!$C$3:$C$6), 0)) -> 0
C100: Overige kosten | J100: =SUM(H101:H111) -> 0
C101: specifieke hulpmiddelen voor het beheer
C102: software
C103: hardware
C104: marketingkosten
C105: representatiekosten
C106: reis- en verblijfkosten
C107: kosten voor bijeenkomsten
C108: zaalhuur
...

Sheet Lookup
A2: # | B2: Tariefsoort | C2: Uurtarieven 2025
A3: 1 | B3: H | C3: 110
A4: 2 | B4: L | C4: 85
A5: 3 | B5: M | C5: 95
A6: 4
B8: Fase volwassenheid | C8: Factor
B9: Nieuw | C9: 1.3
B10: In ontwikkeling | C10: 1.2
B11: Volwassen | C11: 0.9
B12: Uitfaseren | C12: 0.7
